query,impressions,clicks,ctr,position
wordle answer today,19403,335,0.0173,7.4
today's wordle answer,14074,907,0.0644,4.1
todays wordle,9286,115,0.0124,7.8
today's wordle,8120,143,0.0176,6.4
todays wordle answer,6208,221,0.0356,5.9
colordle,5469,19,0.0035,6.8
minesweeper solver,4922,170,0.0345,5.1
smashdle,4763,8,0.0017,6.8
wordle today,4757,42,0.0088,7.8
colordle answer,3771,428,0.1135,4.3
wordle today answer,3558,47,0.0132,7.2
what is today's wordle answer,2396,75,0.0313,4.8
colordle answer today,2225,217,0.0975,4.8
wordle solver 5 letters,2169,8,0.0037,8
today wordle answer,2010,124,0.0617,5
globle answer today,1694,20,0.0118,7.1
spotle answer today,1662,43,0.0259,6.3
wordle answer,1619,11,0.0068,8.8
what is today's wordle,1580,53,0.0335,5.6
wordle answer today 2026,1559,201,0.1289,4.4
all wordle answers 2025,1415,0,0.0000,4.5
wordle 5 letter solver website,1326,1,0.0008,7.3
5 letter wordle solver,1290,7,0.0054,7.4
5 letter wordle without cheating,1056,0,0.0000,9
whats todays wordle,905,6,0.0066,8.7
lights out solver,879,55,0.0626,3.7
colordle hint,874,101,0.1156,4.5
every wordle answer to date,872,0,0.0000,5.5
today wordle,837,29,0.0346,6.2
wordle analyzer,833,26,0.0312,3.7
list of wordle answers 2025,817,0,0.0000,6
wordle june 26 answer,776,1,0.0013,6
what is the wordle today,745,3,0.0040,8.8
what is todays wordle,655,1,0.0015,8.8
semantle,644,2,0.0031,6.8
kanoodle,626,9,0.0144,6.1
wordle 7/15/26,567,7,0.0123,6
today's wordle answer.,548,141,0.2573,2.6
waffle game archive,481,2,0.0042,7.4
wordle july 1 answer,469,0,0.0000,8
future wordle answers 2025,447,0,0.0000,6.5
wordle july 3 answer,436,0,0.0000,5
wordle answer for today,384,6,0.0156,7.6
what's the wordle today,375,1,0.0027,7
what's today's wordle answer,362,9,0.0249,5.2
wordle 5 letter solver,356,1,0.0028,8
wordle answer list 2025,349,0,0.0000,3
wordle full answer list,340,0,0.0000,8
contexto answer,332,7,0.0211,6
wordle 6/24/26,315,8,0.0254,3
what is the colordle answer today,310,49,0.1581,3.4
daily wordle answer,289,3,0.0104,7.3
wordle clue for today's word,282,4,0.0142,8.5
what is todays wordle answer,279,3,0.0108,8.3
colordle solver,274,117,0.4270,2.1
wordle 6/22/26,263,3,0.0114,5
phsaw,257,1,0.0039,6
contexto answer today,256,3,0.0117,8.7
wordle 7/11/26,252,2,0.0079,6
colordle hints,249,26,0.1044,4.5
betweenle,248,0,0.0000,8.2
5 letter word wordle solver,243,0,0.0000,9
lights out puzzle  solver,243,19,0.0782,6
phrazle answer today,239,13,0.0544,4.8
wordle 7/4/26,236,5,0.0212,3
wordle 7/16/26,236,8,0.0339,5
todays worlde answer,232,1,0.0043,6.7
5 letter wordle word solver,230,0,0.0000,8.5
onepiecedle answers,227,8,0.0352,5.2
wordle of the day answer,223,3,0.0135,8.7
wordle solver 4 letters,218,0,0.0000,8.8
wordle 7/22/26,216,2,0.0093,7
wordle 7/2/26,209,3,0.0144,3
today's wordle answer 2026,207,48,0.2319,2.1
wordle august 7 2026,203,0,0.0000,7
wordle 8/7/26,201,3,0.0149,3
waffle archive,199,0,0.0000,5.8
wordle 6/21/26,199,1,0.0050,6
wordle 7/6/26,199,11,0.0553,5
wordle with 5 letters solve,198,0,0.0000,6.7
wordle 7/5/26,198,12,0.0606,4
contexto,198,0,0.0000,9.5
wordle word today,196,1,0.0051,8.3
wordle answers today,191,4,0.0209,6.3
nerdle today,189,0,0.0000,8.7
wordle 8/5/26,189,11,0.0582,4
clues for today's wordle,187,5,0.0267,8
wordle 6/30/26,186,0,0.0000,7
wordle july 3 2026,185,1,0.0054,8
wordle today july 2 2026,183,5,0.0273,7
wordle today july 27 2026,181,1,0.0055,6
complete list of wordle answers,179,0,0.0000,8.5
wordle 7/1/26,179,4,0.0223,4
globle,178,0,0.0000,14
wordle answer list december 2025,178,0,0.0000,5.5
list of every wordle answer,178,0,0.0000,8
maxi nerdle,178,0,0.0000,7.5
wordle 6/13/26,175,2,0.0114,3
wordle 7/12/26,171,3,0.0175,4
canuckle answer today,167,10,0.0599,6
wordle 8/4/26,167,3,0.0180,6
wordle 8/3/26,166,0,0.0000,6
wordle 8/12/26,166,1,0.0060,7
3 letter wordle,165,5,0.0303,7.3
wordle 7/17/26,163,2,0.0123,5.5
wordle 8/8/26,160,4,0.0250,5
wordle 7/10/26,158,1,0.0063,5
discord wordle answer,157,15,0.0955,3.5
wordle 8/11/26,155,0,0.0000,6
wordle 1868 answer,154,1,0.0065,4
5 letter wordle words solver,153,0,0.0000,7
wordle july 2 2026,153,0,0.0000,5
weaver solver,152,26,0.1711,3.3
october 17 2021 wordle,152,0,0.0000,9
wordle 7/21/26,152,4,0.0263,8
wordle today august 6 2026,152,0,0.0000,5
wordle 7/20/26,151,5,0.0331,5
squaredle solver,147,0,0.0000,9
wordle 7/23/26,142,3,0.0211,7
list of all wordle answers to date,141,0,0.0000,7
wordle 6/23/26,137,1,0.0073,4
wordle 6/20/26,136,4,0.0294,3
wordle 6/25/26,129,6,0.0465,3
nerdle answer today,128,5,0.0391,6.8
wordle 7/8/26,127,4,0.0315,3.5
wordle august 10 2026,125,1,0.0080,7
wordle 1879 answer,121,0,0.0000,4
globle answer of the day,120,1,0.0083,6
5 letter words for wordle,120,0,0.0000,7.5
phoodle hint today,120,17,0.1417,4
thirdle,119,0,0.0000,8.5
wordle 7/13/26,119,0,0.0000,5
today's globle answer,118,6,0.0508,5.5
Wordle answer June 11 2026,117,1,0.0085,8
wordle 7/9/26,117,2,0.0171,3
wordle 7/25/26,114,1,0.0088,9
wordle answer august 12 2026,114,4,0.0351,5
wordle 7/14/26,113,1,0.0088,6
answer to today's wordle,112,7,0.0625,3.3
wordle today july 17,112,0,0.0000,4
wordle hints august 8 2026,112,0,0.0000,6
today's wordle answers,111,8,0.0721,4
pshaw wordle,110,0,0.0000,7
wordle 8/1/26,110,0,0.0000,6
solve five letter wordle,109,0,0.0000,9
wordle 6/17/26,109,1,0.0092,4
wordle answer july 2 2026,109,2,0.0183,5
wordle july 6 2026,109,2,0.0183,5
wordle 8/2/26,106,1,0.0094,8
wordle 6/26/26,104,1,0.0096,3.5
wordle answer june 28 2026,104,0,0.0000,7
twixtle,104,0,0.0000,8
wordle 5 letters solver,103,0,0.0000,8.5
wordle 7/28/26,103,1,0.0097,5
hangman solver,102,2,0.0196,7
wordle 7/24/26,101,1,0.0099,7
wordle today july 29 2026,101,1,0.0099,7
wordle august 2 2026,101,2,0.0198,6
spotle solver,99,57,0.5758,2.5
wordle solution july 30 2026,99,2,0.0202,5
wordle 7/27/26,96,4,0.0417,7
wordle answer august 6 2026,94,1,0.0106,5
5 letter word finder wordle,93,0,0.0000,8
5 letter word solver wordle,93,0,0.0000,6.5
answer to wordle today,93,0,0.0000,7.5
wordle 7/29/26,93,0,0.0000,9
wordle past answers by date,92,0,0.0000,7.5
wordle solver 5 letters today,92,0,0.0000,7
wordle answers history,91,0,0.0000,6.5
wordle #1875 answer,91,0,0.0000,5
wordle 6/14/26,90,3,0.0333,4
wordle answer july 11 2026,90,2,0.0222,6
wordle 7/7/26,89,3,0.0337,6
wordle 7/18/26,89,1,0.0112,7
wordle today july 28 2026,89,2,0.0225,4
wordle answer july 3 2026,88,2,0.0227,6
5 words to solve wordle,87,0,0.0000,9.5
wordle answer july 10 2026,87,1,0.0115,7
searchle,86,0,0.0000,8.7
wordle hints june 27 2026,86,0,0.0000,5
wordle 6/27/26,84,8,0.0952,5
wordle answer july 29 2026,84,3,0.0357,5
wordle answer august 4 2026,84,4,0.0476,7
todays worlde,84,2,0.0238,6
wordle solve 5 letters,82,0,0.0000,8
wordle 8/6/26,82,2,0.0244,5
wordle hint 8/7/26,82,2,0.0244,7
wordle solver 5 letters immediatly,81,0,0.0000,4.5
wordle june 22 2026 clues,80,1,0.0125,7
4 letter wordle solver,79,1,0.0127,7.3
smashdle answers,78,2,0.0256,6.2
wordle 5 letter solver tool,78,0,0.0000,6
wordle helper 5 letters,78,0,0.0000,7
wordle answer today 12 2019,77,0,0.0000,6
betweenle answer today,77,40,0.5195,3.8
wordle july 3,77,4,0.0519,2.5
site:wordsolverx.com,75,7,0.0933,7.5
wordle today june 26,73,6,0.0822,3
wordle 6/29/26,72,7,0.0972,3
wordle solution july 2 2026,72,0,0.0000,7
clue for today's wordle,71,2,0.0282,7
wordle august 12 2026,71,1,0.0141,8
wordle today august 1 2026,69,8,0.1159,2
wordle today july 5 2026,68,2,0.0294,4
pokedle answers,67,1,0.0149,7.6
wordle 15 july,67,1,0.0149,6
narutodle answers,66,5,0.0758,6
wordle answer july 30 2026,66,2,0.0303,6
Wordle answer June 19 2026,65,1,0.0154,4
wordle today june 28,65,0,0.0000,8
wordle answer august 3 2026,65,5,0.0769,4
wordle july 25 2026,64,1,0.0156,7
wordle aug 3,63,1,0.0159,7
wordle 1879,63,2,0.0317,6
waffle word game archive,62,1,0.0161,6
wordle answer july 28 2026,62,4,0.0645,5
wordle july 28 2026,61,0,0.0000,7
todays colordle,59,7,0.1186,5.5
wordle answer june 27 2026,59,1,0.0169,5
wordle 7/19/26,59,0,0.0000,8
wordle 8/9/26,59,0,0.0000,5
onepiecedle answers today,58,2,0.0345,4.8
fibble,58,0,0.0000,8
wordle 7/26/26,58,1,0.0172,7
wordle 8/13/26,58,1,0.0172,5
wordle answer august 8 2026,57,2,0.0351,5
wordle 7/15/2026,55,1,0.0182,6
wordle puzzle august 12 2026,55,2,0.0364,4
wordle today june 27 2026,54,1,0.0185,4
wordle answer july 17 2026,54,3,0.0556,6
wordle clue july 27 2026,54,0,0.0000,8
wordle 1871,54,1,0.0185,5
wordle answer july 23 2026,53,2,0.0377,6
kanoodle solver,52,8,0.1538,2.4
solve 5 letter wordle,51,0,0.0000,7.5
wordle 21 july 2026,51,0,0.0000,4
wordle june 26 2026,49,2,0.0408,4
wordle answer today july 15,48,3,0.0625,2
wordle 29 july 2026,48,2,0.0417,3
wordle answer june 30 2026,47,2,0.0426,7
wordle answer june 25 2026,46,1,0.0217,4
wordle answer july 16 2026,46,3,0.0652,6
wordle for today,46,1,0.0217,9
wordle july 4 2026,45,1,0.0222,5
wordle 22 july 2026,45,1,0.0222,5
wordle solution july 28 2026,45,0,0.0000,5
today's colordle answer,44,10,0.2273,3.6
colordle help,44,17,0.3864,1.5
wordle july 2,44,1,0.0227,7
wordle puzzle june 28 2026,44,0,0.0000,7
word ladder solver,44,2,0.0455,8
wordle answer today uk,44,2,0.0455,7
colordle answers,43,4,0.0930,5
wordle 23 july 2026,43,4,0.0930,3
wordle answer july 27 2026,43,1,0.0233,6
wordle 1882,43,2,0.0465,4
narutodle answers today,41,1,0.0244,6.5
wordle hint 7/2/26,41,0,0.0000,7
wordle answer july 1 2026,41,0,0.0000,7
wordle 6 july,41,3,0.0732,5
wordle hint 8/8/26,41,3,0.0732,4
wordsolverx colordle solver,40,10,0.2500,6
wordle solution june 25 2026,40,1,0.0250,4
wordle 28 july 2026,40,3,0.0750,3
wordle august 3 2026,40,1,0.0250,5
wordle today june 30 2026,39,0,0.0000,7
wordle 1870,39,2,0.0513,6
todays wordle word,39,2,0.0513,7
phrazle,38,0,0.0000,10
wordle 6/19/26,38,2,0.0526,4
wordle july 20 2026,38,0,0.0000,8
betweenle solver,37,1,0.0270,7.8
wordle clue solver 5 letters,37,0,0.0000,5.5
wordle answer july 5 2026,37,1,0.0270,7
wordle answer june 20 2026,36,3,0.0833,3
wordle 6/24,36,1,0.0278,8
wordle hint 8/5/26,36,1,0.0278,5
wordle 14 august 2026,36,2,0.0556,4
colordle hints today,35,4,0.1143,4.7
wordle history,35,1,0.0286,8.5
wordle solution october 17,35,0,0.0000,8
wordle answer july 21 2026,35,1,0.0286,7
10 letter wordle solver,34,2,0.0588,4.7
colordle day 1441,34,1,0.0294,5
wordle answer june 3 2026,34,0,0.0000,8
7/6/26 wordle,34,4,0.1176,2
wordle today august 2 2026,34,1,0.0294,8
today's wordle word,34,3,0.0882,5
colordle today,33,4,0.1212,5.6
waffle archives,33,6,0.1818,3.3
wordle answer 6/19/26,33,2,0.0606,4
wordle july 26 2026,33,2,0.0606,7
7/29/26 wordle,33,2,0.0606,4
wordle july 30 2026 answer,33,1,0.0303,3
wordle today july 17 2026,32,1,0.0313,6
wordle 30 july 2026,32,1,0.0313,6
wordle 5 august 2026,32,2,0.0625,5
wordle aug 8 2026,32,2,0.0625,7
12 16 25 wordle answer,31,0,0.0000,9
soundmap artist guesser,31,2,0.0645,4.3
wordle answer august 7 2025,31,1,0.0323,8
wordle aug 7 2026,31,1,0.0323,6
6 letter wordle solver,30,1,0.0333,5.5
wordle 5 july 2026,30,1,0.0333,6
wordle answer july 15 2026,30,1,0.0333,6
wordle august 4,30,1,0.0333,8
8/5/26 wordle,30,1,0.0333,5
wordle 14 august,30,3,0.1000,5
semantle answer today,29,7,0.2414,3.2
today's wordle answer oct 17,29,0,0.0000,8
wordle today june 15 2026,29,2,0.0690,5
6/24/26 wordle,29,2,0.0690,7
wordle june 26,29,1,0.0345,3
wordle hint 7/21/26,29,0,0.0000,8
wordle answer july 29,29,1,0.0345,5
wordle hints 8/5/26,29,1,0.0345,6
june 6 2021 wordle,28,0,0.0000,6
wordle analysis,28,6,0.2143,4
wordle 7-2-26,28,5,0.1786,3
wordle answer june 26 2025,28,1,0.0357,7
today's wordle answer july 15,28,3,0.1071,2
wordle hint 7/17/26,28,0,0.0000,8
wordle word today answer,28,1,0.0357,6
wordle 8/4,28,1,0.0357,6
wordle today august 11 2026,28,1,0.0357,4
wordle hints today oct 17,27,0,0.0000,8
wordle june 16 2026,27,1,0.0370,6
wordle answer 6/24/26,27,1,0.0370,4
wordle answer 8/7/26,27,3,0.1111,4
wordle today august 12 2026,27,1,0.0370,3
wordle answer finder 5 letters,26,0,0.0000,5
phoodle answer today,26,10,0.3846,4
wordle 6-13-26,26,2,0.0769,4
wordle 7-5-26,26,1,0.0385,5
wordle 7-4-26,26,1,0.0385,2
7/16/26 wordle,26,1,0.0385,4
wordle 7-22-26,26,1,0.0385,7
wordle 7/21/2026,26,0,0.0000,6
wordle answer 8/5/26,26,1,0.0385,3
wordle 12 august,26,1,0.0385,7
colordle of the day,25,0,0.0000,5.8
searchle answer,25,5,0.2000,6
wordle 8 july 2026,25,1,0.0400,6
wordle answer 7/16/26,25,3,0.1200,3
7/23/26 wordle,25,4,0.1600,4
what is the wordle for today,25,1,0.0400,8
wordle hints 8/7/26,25,2,0.0800,5
wordle answer august 14 2026,25,1,0.0400,6
colordle for today,24,3,0.1250,5
nyt wordle 5/7/2026 #1783,24,0,0.0000,6
wordle answer july 6,24,1,0.0417,5
wordle 7/15/26 answer,24,1,0.0417,6
7/17/26 wordle,24,2,0.0833,4
wordle 8/14/26,24,1,0.0417,5
semantle answer,23,6,0.2609,4
phrazle answer,23,2,0.0870,3.3
wordle july 1 2026,23,1,0.0435,5
wordle hints 7/4/26,23,1,0.0435,6
wordle of today,23,1,0.0435,7
wordle july 21 2026,23,1,0.0435,6
9 letter wordle wordly,23,0,0.0000,9
8/3/26 wordle,23,1,0.0435,3
wordle hints 8/8/26,23,1,0.0435,4
colordle hint today,22,3,0.1364,5
colordle day 1433 answer,22,0,0.0000,4
colordle day 1441 answer,22,1,0.0455,4
wordle pro solver,22,0,0.0000,8
wordle today july 7 2026,22,2,0.0909,5
butte wordle,22,1,0.0455,2
wordle answer 7/24/26,22,2,0.0909,4
8/2/26 wordle,22,4,0.1818,2
wordle today july 31 2026,22,1,0.0455,3
wordle answer 8/11/26,22,1,0.0455,3
colordle ryan tanen,21,1,0.0476,5.7
what is the globle today,21,2,0.0952,2.5
colordle day 1449 answer,21,2,0.0952,6
wordle 6-24-26,21,1,0.0476,3
7/1/26 wordle,21,2,0.0952,4
wordle 6/26/2026,21,1,0.0476,3
wordle answer 7/14/26,21,3,0.1429,4
july 15th wordle answer,21,1,0.0476,4
wordle answer 7/21/26,21,0,0.0000,4
wordle answer 7/22/26,21,0,0.0000,4
wordle answer 25 july,21,1,0.0476,4
wordle 8-5-26,21,1,0.0476,4
wordle 1881 answer,21,1,0.0476,5
wordle 8 august,21,1,0.0476,3
colourdle,20,1,0.0500,6.7
pokedle answers today,20,1,0.0500,7.2
wordle answer for october 19 2025,20,0,0.0000,7
all wordle answers,20,0,0.0000,9
wordle today july 6 2026,20,2,0.1000,6
wordle hint 7/15/26,20,1,0.0500,8
wordle 7/17/2026,20,0,0.0000,6
wordle 1854,20,0,0.0000,8
wordle 21 july,20,0,0.0000,6
wordle 7/25/2026,20,1,0.0500,7
wordle august 5 2026 answer,20,1,0.0500,5
wordle 1875,20,1,0.0500,5
wordle answer 8/8/26,20,6,0.3000,2
wordle august 14 2026,20,1,0.0500,6
colordle day 1438 answer,19,0,0.0000,7
colordle day 1438,19,0,0.0000,7
colordle day 1439 answer,19,0,0.0000,6
colordle answer march 12,19,1,0.0526,6
globle anwer today,19,0,0.0000,10
today's wordle june 11 2026,19,0,0.0000,8
phoodle hint,19,4,0.2105,5
wordle answer 19 june 2026,19,1,0.0526,3
wordle 30 june,19,1,0.0526,6
july 21 wordle answer,19,0,0.0000,5
wordle answer 7/17/26,19,0,0.0000,3
wordle 27 july 2026,19,1,0.0526,6
wordle answer 8/4/26,19,1,0.0526,4
wordle answer august 7 2026,19,1,0.0526,5
wordle 3 august 2026,19,1,0.0526,3
wordle solution august 12 2026,19,2,0.1053,4
todays colordle answer,18,5,0.2778,4.3
colordle day 1427,18,3,0.1667,5
globle today,18,3,0.1667,4
quordle archive,18,10,0.5556,4.2
colordle day 1449,18,1,0.0556,6
wordle june 14 2026,18,1,0.0556,5
wordle 15 june 2026,18,1,0.0556,4
Wordle answer June 22 2026,18,1,0.0556,4
wordle answer 7/6/26,18,1,0.0556,2
wordle 7 july,18,1,0.0556,7
wordle 15 july 2026,18,3,0.1667,5
wordle answer 15 july 2026,18,3,0.1667,3
wordle 7-23-26,18,0,0.0000,5
wordle today july 21 2026,18,0,0.0000,7
wordle solutions for september 1 to30 2026,18,1,0.0556,7
feign wordle,18,4,0.2222,1
12 letter wordle,17,1,0.0588,7.3
all wordle answers 2025 december,17,0,0.0000,1
spotle answer,17,0,0.0000,5.5
wordle 6/24/26 answer,17,3,0.1765,5
wordle 6/20/2026,17,2,0.1176,4
wordle 13 july,17,4,0.2353,3
wordle 15th july 2026,17,1,0.0588,7
wordle august 5 2026,17,2,0.1176,4
wordle 4 august 2026,17,2,0.1176,5
wordle 8-6-26,17,1,0.0588,3
8/12/26 wordle,17,3,0.1765,5
smashdle answers today,16,3,0.1875,7
onepiecedle today,16,0,0.0000,6.8
wordle solver 10 letters,16,5,0.3125,3.8
colordle day 1435 answer,16,0,0.0000,6
colordle day 1442 answer,16,2,0.1250,6
colordle answer may 1,16,3,0.1875,6
colordle answer may 18 2026,16,0,0.0000,8
7 words hangman est,16,0,0.0000,6
7 letter wordle solver,16,2,0.1250,7
wordle june 15 2026,16,1,0.0625,4
wordle 28 june,16,3,0.1875,7
wordle answer 7/2/26,16,1,0.0625,3
wordle answer july 8 2026,16,1,0.0625,6
wordle answer 7/5/26,16,1,0.0625,4
wordle answer today july 4,16,1,0.0625,3
what was today's wordle,16,1,0.0625,8
wordle answer 7/29/26,16,1,0.0625,6
wordle hints 8/6/26,16,1,0.0625,4
wordle answer 14 august 2026,16,1,0.0625,3
feb 25 colordle answer,15,0,0.0000,7
colordle day 1435,15,0,0.0000,4
colordle answer of thr day march 6,15,0,0.0000,4
wordle answer today august 25,15,0,0.0000,10
today's wordle answer june 25,15,0,0.0000,9
wordle 5/7/26,15,0,0.0000,8
2 25 2025 wordle answer,15,0,0.0000,8
wordle solution 1 21 25,15,0,0.0000,8
searchle may 17,15,1,0.0667,6
discord wordle today,15,4,0.2667,2
wordle 11 july,15,2,0.1333,4
wordle july 24 2026,15,1,0.0667,5
wordle 7-25-26,15,1,0.0667,8
wordle 1 august 2026,15,2,0.1333,3
wordle 8-3-26,15,1,0.0667,3
wordle 8 august 2026,15,2,0.1333,3
colordle day 1422,14,2,0.1429,3
binance word of the day solver,14,0,0.0000,3
colordle day 1431 answer,14,0,0.0000,4
colordle answer march 3,14,0,0.0000,5
colordle 1435 answer,14,0,0.0000,3
worldle today,14,2,0.1429,4
colordle answer day 1449,14,0,0.0000,6
spotle movies archive,14,5,0.3571,3.7
wordle 17 june 2026,14,1,0.0714,5
wordle 6-25-26,14,2,0.1429,3
wordle answer june 26 2026,14,1,0.0714,4
wordle puppy,14,4,0.2857,3
wordle 3 july,14,2,0.1429,2
puppy wordle,14,2,0.1429,6
kanoodle puzzle game,14,1,0.0714,4
wordle answer 23 july 2026,14,1,0.0714,4
july 29 wordle answer,14,1,0.0714,6
wordle 2 august 2026,14,1,0.0714,2
wordle 8/6,14,1,0.0714,6
wordle august 14 2026 answer,14,2,0.1429,3
wordle answer today august 12,14,1,0.0714,4
colordle 1426,13,0,0.0000,5
colordle day 1440 answer,13,1,0.0769,6
2025 wordle word list,13,0,0.0000,7
hardle,13,0,0.0000,10
6/17/26 wordle,13,1,0.0769,4
wordle answer today 24 june,13,5,0.3846,2
wordle answer 6/23/26,13,5,0.3846,1
wordle for 6/19/26,13,2,0.1538,3
june 23 wordle answer,13,1,0.0769,7
wordle 1 july 2026,13,1,0.0769,4
7/7/26 wordle,13,1,0.0769,3
wordle solution july 6 2026,13,1,0.0769,4
wordle answer 16 july 2026,13,1,0.0769,2
wordle 19 july 2026,13,1,0.0769,5
wordle july 31 2026,13,1,0.0769,5
colordle 1417,12,2,0.1667,5
colordle answer february 9th 2026,12,0,0.0000,5
colordle day 1424 answer,12,0,0.0000,7
semantle game,12,0,0.0000,4
colordle  answer 1431,12,2,0.1667,4
colordle color of the day answers,12,0,0.0000,6
what was the colordle for 2/22/2026,12,0,0.0000,7
colordle answer of the day 1438,12,1,0.0833,7
day 1438 colordle color,12,0,0.0000,7
colordle day 1448,12,2,0.1667,8
march 6 colordle answer,12,0,0.0000,5
colordle day 1451,12,0,0.0000,6
colordle day 1453,12,0,0.0000,4
wordle unlimited today answer,12,0,0.0000,9.5
colordle answer may 4,12,1,0.0833,6
colordle answer for today 5/5,12,0,0.0000,6
reveal today's wordle answer,12,0,0.0000,10
colordle day 1509 answer,12,1,0.0833,7
ai hangman solver,12,0,0.0000,6
lightout solver,12,7,0.5833,3
wordle june 12 2026,12,0,0.0000,6
wordle today june 12 2026,12,0,0.0000,4
wordle 11 june 2026,12,0,0.0000,9
Wordle answer June 13 2026,12,3,0.2500,4
wordle june 19,12,2,0.1667,7
wordle answer today 22 june,12,1,0.0833,4
wordsolver letters,12,2,0.1667,6
wordle july 12,12,1,0.0833,7
answer to todays wordle,12,2,0.1667,6
wordle 7/26/2026,12,2,0.1667,6
wordle 28 july,12,2,0.1667,4
wordle answer 29 july 2026,12,2,0.1667,1
wordle answer 7/27/26,12,1,0.0833,3
wordle 26 july,12,1,0.0833,5
wordle answer 12 august,12,1,0.0833,4
colordle today answer,11,1,0.0909,4.7
globle answer,11,0,0.0000,4
colordle day 1432,11,0,0.0000,4
colordle day 1434,11,0,0.0000,4
colordle day 1438 answers,11,0,0.0000,7
4 letter word solver wordle,11,0,0.0000,7
wordle word today june 24,11,0,0.0000,8
wordle finder 5 letters,11,0,0.0000,7
minesweeper calculator,11,0,0.0000,6.5
spotle archive,11,6,0.5455,1.5
wordle june 11 2026,11,0,0.0000,9
phoodle hint june 17 2026,11,4,0.3636,2
whats todays wordle june 16,11,1,0.0909,3
2nd letter of wordle today,11,1,0.0909,4
phoodle hint june 20 2026,11,1,0.0909,4
wordle today june 222026,11,1,0.0909,6
wordle answer 2 july 2026,11,3,0.2727,2
wordle july 11,11,1,0.0909,6
wordle answer 13 july,11,1,0.0909,2
wordle 10th july,11,1,0.0909,4
wordle 24 july 2026,11,1,0.0909,5
today's wordle answer july 25,11,2,0.1818,2
wordle answer 3/8/26,11,4,0.3636,1
nyt wordle 8/5/2026 #1873,11,1,0.0909,3
wordle hints 8/1/26,11,1,0.0909,7
wordle answer 4th august 2026,11,1,0.0909,3
8/8/26 wordle,11,2,0.1818,5
wordle 10 august 2026,11,1,0.0909,5
wordle answer august 8,11,1,0.0909,5
colordle day 1420,10,1,0.1000,4
colordle 1419,10,1,0.1000,3
globle today answer,10,4,0.4000,5
past wordle answers by date,10,0,0.0000,9
wordle 3 letters,10,0,0.0000,7
is clack a wordle word,10,1,0.1000,4
colourdle answer today,9,5,0.5556,2
colordle day 1413 answer,9,4,0.4444,2.3
pokedle answer today,9,0,0.0000,7.8
todays globle answer,9,1,0.1111,2
globle country answer today,9,0,0.0000,4
colordle answer march 17,9,1,0.1111,4
contexto answer today 2026,9,2,0.2222,6.5
semantle may 16 2026 answer,9,1,0.1111,6
spotle answer june 9,9,2,0.2222,5
wordle 7/2/26 answer,9,2,0.2222,5
wordle answer 30th june 2026,9,2,0.2222,3
wordle 10 july,9,3,0.3333,4
wordle 7 august 2026,9,1,0.1111,6
colordle of the day answer,8,1,0.1250,2
colordle day 1417,8,1,0.1250,3
colordle answer 1422,8,4,0.5000,2
colordle 1422,8,2,0.2500,2
colordle answer for feb 15   2026,8,1,0.1250,5
colordle anwesr,8,1,0.1250,5
what is the answer to colordle,8,1,0.1250,6
narutodle resposta,8,0,0.0000,6.3
globle answer today hints,8,0,0.0000,6.5
colordle day 1446,8,1,0.1250,6
colordle answer today march 13,8,1,0.1250,6
colordle day 1504,8,2,0.2500,4
Wordle answer May 27 2026,8,0,0.0000,4
Wordle answer May 22 2026,8,0,0.0000,5
spotle answer today june 17,8,2,0.2500,5
phrazle answer june 18,8,1,0.1250,4
wordle answer 6 july,8,2,0.2500,1
wordle 11/7/26,8,5,0.6250,1
wordle answer july 22,8,1,0.1250,3
colordle guesser,7,3,0.4286,5
colordle colours,7,1,0.1429,4
dotadle answers,7,0,0.0000,6.3
colordle ryan tanen hint,7,1,0.1429,3
today's colordle answer 1452,7,2,0.2857,4
narutodle answer,7,0,0.0000,7.5
betweenle answer may 8,7,3,0.4286,1
kanoodle online,7,2,0.2857,3.5
number waffle archieve,7,4,0.5714,7
wordle may 25 2026,7,0,0.0000,7
betweenle answer,7,4,0.5714,2.5
6wordle solver,7,1,0.1429,4
wordle 19/6/26,7,5,0.7143,1
wordle answer 19/6/26,7,3,0.4286,1
wordle answer 17 june 2026,7,1,0.1429,4
wordle answer 29 june 2026,7,2,0.2857,2
wordle answer 30th june,7,2,0.2857,3
wordle today july 7,7,2,0.2857,3
minesweeper helper,7,2,0.2857,7
今日wordle答案,7,4,0.5714,6
wordle august 12 2026 answer,7,1,0.1429,2
colordle answer 1420,6,1,0.1667,5
narutodle hoje,6,2,0.3333,3.5
colordle answer today feb 22,6,2,0.3333,5
colordle feb/25/2026,6,1,0.1667,5
onepiecedle,6,0,0.0000,7
colordle colour today,6,0,0.0000,7
wordsolverx,6,2,0.3333,5
what is todays colordle,6,2,0.3333,2
today's colordle answer 1449,6,2,0.3333,4
todays colordle answer  3/9/2026,6,2,0.3333,5
colordle spoilers,6,2,0.3333,4.5
colordle answer march 13 2026,6,3,0.5000,5
colordle answer march 17  2026,6,2,0.3333,4
colordle answers today,6,1,0.1667,6
phoodle mar 15 2026,6,0,0.0000,7
wordle past words by date,6,0,0.0000,9
worldle,6,0,0.0000,5
phoodle answer yesterday,6,0,0.0000,8.5
globle archive,6,0,0.0000,7
wordless 5 letter word solver,6,3,0.5000,6
spotle answer today may 11,6,2,0.3333,4
colordle answer today 21st may,6,2,0.3333,7
colordle day 1516,6,1,0.1667,3
phoodle 05/23/2026,6,2,0.3333,2
wordle today june 3 2026,6,1,0.1667,5
onepiecedle june 17,6,5,0.8333,6
colordle 1546,6,1,0.1667,5
wordle 22/6/26,6,6,1.0000,1
wordle answer today 6/23/2026,6,6,1.0000,1
phoodle hint 6/20/26,6,3,0.5000,3
phoodle june 20 2026,6,2,0.3333,3
phoodle hint june 22 2026,6,2,0.3333,4
wordle answer today 25,6,2,0.3333,2
wordle 6-29-26,6,2,0.3333,1
today's wordle answer password game,6,2,0.3333,4
phoodle 7/12/26,6,4,0.6667,4
betweenle today,6,2,0.3333,2
wordle answer 14 july,6,1,0.1667,3
wordle answer today july 30 2026,6,3,0.5000,1
colordle day 1412 answer,5,1,0.2000,2
colourdle answer,5,1,0.2000,6
weaverx solver,5,3,0.6000,2.3
colordle day 1423,5,0,0.0000,5
wordle word solver pro,5,0,0.0000,6
phoodle feb 21 2026,5,0,0.0000,2
pokedle anwsers,5,1,0.2000,7
phrazle clue,5,2,0.4000,3.5
betweenle hints,5,2,0.4000,3
wafflesolver,5,1,0.2000,2
colordle answer today may 1,5,1,0.2000,6
colordle day 1514,5,0,0.0000,4
narutodle 26/05,5,0,0.0000,9
colourdle hint 25 may,5,0,0.0000,3
spotle answer today june 1,5,2,0.4000,4
boggle answers 5/31/26 today,5,1,0.2000,4
three letter wordle,5,1,0.2000,6
colordle day 1526,5,0,0.0000,3
spotle helper,5,6,1.2000,2
phoodle hint today answer,5,5,1.0000,5
onepiecedle answers 16/6,5,3,0.6000,4
wordle answer 16/6/26,5,1,0.2000,3
wordle 18/06/2026,5,1,0.2000,5
wordle answer today june 13 2026,5,1,0.2000,4
canuckle june 14 2026,5,1,0.2000,3
wordle 25/6/26,5,3,0.6000,1
wordle today june 26 2026,5,3,0.6000,1
wordle answer 24/6/26,5,2,0.4000,1
soundmap solver,5,3,0.6000,2.5
canuckle june 26 2026,5,2,0.4000,6
lights out solution,5,1,0.2000,5
wordle answer today july 7 2026,5,3,0.6000,3
wordle 6/7/26,5,2,0.4000,2
todays discord wordle,5,1,0.2000,2
wordle stout,5,2,0.4000,3
wordle today july 22,5,2,0.4000,3
wordle answer today 3 august,5,3,0.6000,1
colordle day 1404,4,1,0.2500,4
colordle day 1407,4,3,0.7500,3
colordle day 1413,4,1,0.2500,2
colordle answer day 1417,4,2,0.5000,4
colordle of the daily answer,4,2,0.5000,2
colordle day 1419,4,1,0.2500,2
colordle day 1416,4,0,0.0000,4
colordle of the day day 1415 color,4,0,0.0000,2
colordle day 1421 answer 13/02/2026,4,3,0.7500,6
colordle day 4127 answer,4,1,0.2500,5
colordle answer todya,4,1,0.2500,5
wordle solver 9 letters,4,0,0.0000,5.7
anwser for todays colordle,4,3,0.7500,6
colordle answer today forest green,4,1,0.2500,5
onepiecedle laugh answer 23 feb,4,1,0.2500,5
colordle spoil sight day 1437,4,3,0.7500,6
colordle answer today march 5,4,2,0.5000,6
answer to todays globle,4,1,0.2500,2
globe answers for today,4,0,0.0000,3
resposta do onepiecedle de hoje,4,0,0.0000,6.5
narutodle today,4,1,0.2500,8
colordle color list,4,1,0.2500,3
globle answer 7 march 2026,4,0,0.0000,6
colordle 1447,4,0,0.0000,5
colordle day 1439,4,0,0.0000,6
phrazle hint today,4,4,1.0000,2.5
march 14 2026 globle country answer,4,0,0.0000,6
wordle answer 10 31 25,4,0,0.0000,10
globle answer 27th of march 2026,4,0,0.0000,7
9 letter wordle,4,0,0.0000,8
semantle 1466,4,1,0.2500,5
wordquest wordle 4 letter,4,0,0.0000,8
pokedou anwer toaday,4,0,0.0000,7
colordle answer that starts with 3,4,0,0.0000,4
words with 5 letters wordle,4,0,0.0000,6
minesweeper indentifier,4,1,0.2500,5
spotle prvious dates,4,1,0.2500,4
what is todays globle 2026 the 7 of may,4,1,0.2500,4
phoodle 5/11/26,4,4,1.0000,2
colordle hints may 14,4,3,0.7500,3
phrazle for may 9 2026,4,2,0.5000,4
contexto archive,4,1,0.2500,4
semantle may 11 2026 answer,4,1,0.2500,4
spotle answer may 11,4,1,0.2500,6
colordle answer 1505,4,1,0.2500,6
weaver word solver,4,4,1.0000,1
colourdle hint 20 may,4,1,0.2500,6
hardle solver,4,4,1.0000,1
phoodle may 15,4,0,0.0000,4
canuckle answer may 22 2026,4,2,0.5000,3
colourdle solver,4,1,0.2500,6
canuckle may 22 2026,4,1,0.2500,2
what is today's searchle answer,4,1,0.2500,1
woodle solver,4,1,0.2500,2
wordle today may 25 2026,4,0,0.0000,8
contexto answer may 28,4,0,0.0000,3
may 26 wordle,4,0,0.0000,8
wordle solution may 26 2026,4,0,0.0000,5
phoodle 05/29/26 mashable,4,2,0.5000,7
wordle solver 6 letters,4,1,0.2500,6
wordle solver 7 letters,4,0,0.0000,10
betweenle asnwrt oay juen 10th,4,2,0.5000,4
today dotadle answers,4,1,0.2500,6
wordle answer today june 11 2026,4,1,0.2500,5
today's betweenle answer,4,3,0.7500,3
wordle answer 18/06/2026,4,2,0.5000,3
wordle answer 16/06/2026,4,1,0.2500,4
wordle answer today 22 june 2026,4,4,1.0000,1
today waffle june 23 2026,4,3,0.7500,3
todays wordle 25/6/26,4,3,0.7500,1
canuckle answer today 19 june 2026,4,2,0.5000,3
phoodle answer june 20 2026,4,2,0.5000,5
wordle answer today june 24 2026,4,2,0.5000,2
wordle 21/6/26,4,2,0.5000,1
canuckle answer june 19 2026,4,2,0.5000,5
semantle june 23 2026 answer,4,1,0.2500,3
wordle answer23/06/2026,4,1,0.2500,5
semantle june 19 2026 answer,4,1,0.2500,2
searchle answer19 june,4,1,0.2500,5
spotle artist discovery,4,1,0.2500,5
semantle june 21 2026 answer,4,1,0.2500,3
23 june wordle answer,4,1,0.2500,2
semantle june 25 2026 answer,4,1,0.2500,2
phoodle hint june 27 2026,4,2,0.5000,4
wordle answer today 28 june 2026,4,1,0.2500,1
nerdle june 26,4,1,0.2500,6
semantle 1620,4,4,1.0000,2
wordle answer today july 3 2026,4,2,0.5000,3
discord wordle of the day,4,1,0.2500,2
waffle answers 1627,4,1,0.2500,6
wordle answer today july 8 2026,4,1,0.2500,2
wordle answer today july 5 2026,4,1,0.2500,2
canuckle solver,4,1,0.2500,2
betweenle 7/11/26,4,3,0.7500,2
todays wordle answer july 11,4,2,0.5000,2
wordle answer 24 july,4,2,0.5000,4
wordle jul 28,4,1,0.2500,5
contexto answer 27 july,4,1,0.2500,2
wordle solution today,4,1,0.2500,8
colordle 1405 answer,3,2,0.6667,2
colordle day 1405,3,1,0.3333,2
colordle 1408 answer,3,1,0.3333,2
colordle all colors,3,0,0.0000,4
colordle hints feb 18,3,1,0.3333,5
narutodle 14/02,3,0,0.0000,5
colordle 1423,3,0,0.0000,5
one piecedle answer,3,0,0.0000,2
xword solver,3,0,0.0000,60
phoodle feb 22 2026,3,0,0.0000,5
today's smashdle,3,0,0.0000,4
colordle day 1441 hint,3,0,0.0000,4
hints for the colordle march 10,3,3,1.0000,5
top smashdle,3,0,0.0000,9
colordle hint reddit,3,0,0.0000,3
colordle hint 1455,3,2,0.6667,4
colordle colors,3,1,0.3333,6
globle answer march 16 2026,3,1,0.3333,2
today's searchle answer,3,1,0.3333,4
whats todays colordle answer march 19,3,1,0.3333,4
colordle answe march 14,3,0,0.0000,7
phrazle march 14th,3,0,0.0000,8
colordle 19th march,3,0,0.0000,6
colordle day 1455,3,0,0.0000,6
colordle archive,3,2,0.6667,2
colordle answers 21st march 2026,3,1,0.3333,4
colordle 25 march,3,0,0.0000,8
colordle 20th march answer,3,0,0.0000,5
phoodle archives,3,1,0.3333,3
wordle today february 9 2026,3,0,0.0000,9
colordle answer of thr day march 27,3,0,0.0000,7
31st march globle answer 26,3,0,0.0000,9
semantle answer today 1405,3,0,0.0000,3
9-letter wordle daily challenge,3,0,0.0000,2
wordle awnser 02/10/2026,3,0,0.0000,9
5 letter wordle not working,3,0,0.0000,6
betweenle 8 may,3,2,0.6667,1
8/5/26 wordle answer,3,1,0.3333,7
spotle of the day,3,1,0.3333,9
kanoodle solutions,3,1,0.3333,4
what was the answer to colordle today 08/05/2026,3,1,0.3333,5
searchle answer may 13,3,1,0.3333,3
waffle answers 8th may 2026,3,1,0.3333,2
nerdle today answer,3,2,0.6667,4
colord;e answer today 1514 reddit,3,2,0.6667,5
how to find the answer to a colordle that was sent to you from colordle.com reddit,3,1,0.3333,5
wepavar word possibilities,3,1,0.3333,3
minesweeper.online solver,3,0,0.0000,5
semantle may 13 2026 answer,3,0,0.0000,7
spotle answer may 16,3,0,0.0000,7
canuckle may 21 2026,3,0,0.0000,5
wordle answer today may 26,3,3,1.0000,1
today's phrazle answer,3,2,0.6667,2
canuckle answer may 24 2026,3,1,0.3333,3
canuckle clues today's date,3,1,0.3333,8
globle hint 27 may 2026,3,1,0.3333,2
wordle 26 may 2026,3,1,0.3333,2
phrazle today,3,2,0.6667,6.5
wordle helper 6 letters,3,0,0.0000,8
colordle 1522,3,0,0.0000,2
resposta naruto dle,3,0,0.0000,7
wordle answer for may 26  2026,3,0,0.0000,6
canuckle may 27 2026,3,0,0.0000,8
contexto 05/27/2026,3,0,0.0000,3
wordle may 23 2026,3,0,0.0000,3
canuckle plus may 25-29,3,0,0.0000,2
artist guess soundmap,3,3,1.0000,9
a lights out puzzle with solver,3,2,0.6667,2
spotle archives,3,2,0.6667,2
betweenle double a words,3,2,0.6667,7
todays nerdle answer,3,3,1.0000,4.5
worldle 1.7.36,3,1,0.3333,4
wordle analyser,3,0,0.0000,5
narutodle answers 11 june 2026,3,2,0.6667,1
todays betweenle,3,1,0.3333,4
semantle today,3,1,0.3333,5
spottle answer june 14 2026,3,2,0.6667,5
spotle answer today june 16,3,2,0.6667,4
wordle answer today 2026 june,3,1,0.3333,2
wordle hint 14 june 2026,3,1,0.3333,3
wordle answer today 16 june,3,1,0.3333,5
wordle hint june 14 2026,3,1,0.3333,5
wordle 21 june 26,3,3,1.0000,1
wordle answer 23/6/26,3,2,0.6667,1
wordle 25th june 2026,3,1,0.3333,9
today discord wordle answer,3,3,1.0000,1
is todays wordle puppy?,3,2,0.6667,1
wordle answer today june 30 2026,3,1,0.3333,3
wordle discord answer,3,1,0.3333,5
phoodle 7/4/26,3,4,1.3333,2
wordle today 5 july,3,1,0.3333,2
wordle 13/07/2026,3,4,1.3333,1
wordle answer for today 2026,3,1,0.3333,1
todays wordl,3,1,0.3333,8
todays wordle july 30 2026,3,1,0.3333,1
wordle 6 august,3,1,0.3333,3
colordle day 1403 answer,2,2,1.0000,1
day 1406 colordle,2,0,0.0000,2
colordle day 1412,2,1,0.5000,3
colordle day 1413 reddit,2,1,0.5000,3
colordle answer today feb 5,2,2,1.0000,3
todays colordle color,2,0,0.0000,2
narutodle solution,2,2,1.0000,1
what is the colordle answer,2,2,1.0000,3
colourdle answer feb 11 2026,2,1,0.5000,4
pokedle today solution,2,1,0.5000,3
colordle answer today feb 7,2,0,0.0000,4
colordle daily,2,0,0.0000,4
colordle answer 1416,2,0,0.0000,4
day 1416 colordle answer,2,0,0.0000,6
colordle daily answer,2,1,0.5000,2
colordle answer 13 february,2,1,0.5000,3
colordle#N#day 1401,2,0,0.0000,4
todays smashdle answers,2,0,0.0000,5
2026 15th janurary wordle,2,0,0.0000,6
colordle past colord,2,0,0.0000,4
resposta do narutodle de hoje,2,0,0.0000,4
cemantix "1448" solution,2,0,0.0000,10
onepiecedle answers feb 19,2,0,0.0000,6
colordle answer today 20 february,2,1,0.5000,4
wordle 22 january 2026 clue,2,0,0.0000,7
onepiecedle answers for today,2,0,0.0000,5
colordle.ryantanen,2,0,0.0000,4
onepiecedle answers todayindestiny,2,0,0.0000,5
globle answer 25 february 2026,2,0,0.0000,6
semantle word of the day answer,2,1,0.5000,2
colordle reponse,2,1,0.5000,5
coloradle answer 2/28/26,2,1,0.5000,2
colourdle daily answer,2,1,0.5000,2
colordle day 1436 reddit,2,0,0.0000,6
slove the puzzle of globle unsw,2,0,0.0000,3
phoodle feb 28 2026,2,0,0.0000,8
yesterday's wordle answer,2,0,0.0000,10
what is the colordle of the day,2,1,0.5000,4
dotadle answers today,2,1,0.5000,5
onepiecedle solution,2,1,0.5000,4
narutodle answers today 9 march 2026 reddit,2,0,0.0000,8
smashdle anssers,2,0,0.0000,5
colordle browse all colors,2,0,0.0000,7
answer colordle,2,0,0.0000,3
colourdle answer 9th march,2,0,0.0000,3
colourdle anwer today,2,2,1.0000,8
colordle solutino,2,2,1.0000,5
phoodle clues,2,1,0.5000,5
colordle of the day 18th of may,2,1,0.5000,2
narutodle answre,2,0,0.0000,7
march 15 2026 globle country,2,0,0.0000,4
phoodle march 16 2026,2,0,0.0000,6
dotadle solution today,2,0,0.0000,7
colordle hints reddit,2,0,0.0000,6
github colordle 20533,2,3,1.5000,6
pokedle today answer,2,2,1.0000,6
in colordle what colour is close 96% to orchid,2,2,1.0000,1
today onepiecedle,2,1,0.5000,9
colordle answer 1460,2,1,0.5000,6
word ladder march 23 2026 morning post answers,2,1,0.5000,4
colourdle answer 23/3,2,1,0.5000,2
today globle answer,2,0,0.0000,8
globle answer 21 march 2026,2,0,0.0000,6
wordle answer 12 8 25,2,0,0.0000,7
colordle 1461,2,0,0.0000,4
past wordle answers every solution  alphabetically and by date,2,0,0.0000,9
globle answer 22march 26,2,0,0.0000,5
colordle ryantanen answer,2,1,0.5000,1
colordle day 1469 answer,2,1,0.5000,2
guess the dailyy mystery color,2,0,0.0000,7
globle answer of the day 27/3/2026,2,0,0.0000,10
globle answer 31 march 2026,2,0,0.0000,8
colordle answer 3 31 2026 answer key pdf,2,0,0.0000,10
31st march globle answer,2,0,0.0000,8
globle 28 march 2026,2,0,0.0000,6
wed  1 apr globle answer,2,0,0.0000,5
nine leter wordle,2,0,0.0000,10
pokedle anwers,2,0,0.0000,6
9 letter wordle online games,2,0,0.0000,6
nine letter wordle game,2,0,0.0000,9
pokedle solution today,2,0,0.0000,5.5
nerdle archive,2,0,0.0000,9
waffle solver 5 letters,2,0,0.0000,5
pokedle today,2,0,0.0000,8
wordle answer february 10 2026,2,0,0.0000,7
pokedle answer,2,0,0.0000,8
wordle answer jan 8  2026,2,0,0.0000,8
stank wordle,2,0,0.0000,4
globle answer 26/02/2026,2,0,0.0000,3
wordle awnser 02/12/2026,2,0,0.0000,8
colourdle answerer,2,1,0.5000,4
solve wordle 5 letters,2,0,0.0000,4
5 word solver,2,0,0.0000,7
5 letter word wordle,2,0,0.0000,6
wordle 5 letters,2,0,0.0000,8
spotle answer today may 7 2026,2,1,0.5000,4
spotle answer may 4,2,1,0.5000,2
phrazle for may 6 2026,2,1,0.5000,4
searchle today answers,2,1,0.5000,4
answer to maxi nerdle may 6th 2026,2,1,0.5000,4
spoltle answer today,2,1,0.5000,5
octordle may 2 2026,2,1,0.5000,4
semantle answer may 2nd 2026,2,1,0.5000,3
searxhle awnser,2,1,0.5000,6
semantle answer 5/8,2,4,2.0000,2
phrazle answer may 13,2,2,1.0000,1
word for 5/7/2026 betweenle,2,2,1.0000,8
phrazle hints 5/11/26,2,2,1.0000,4
today's semantle answer,2,2,1.0000,5
phrazle hint 5/9/26,2,1,0.5000,5
phrazle for may 13 2026,2,1,0.5000,2
semantle may 10 2026 answer,2,1,0.5000,4
phrazle hint,2,1,0.5000,8
canuckle answer for may 9 2026,2,1,0.5000,3
what is the globle answer today 12/5/2026,2,1,0.5000,1
semantle may 15 2026 answer,2,1,0.5000,4
kanoodle puzzle game 148 solution,2,1,0.5000,2
waffles game solver,2,1,0.5000,2
answer cemantle today 10 may 2026 day 1497,2,1,0.5000,5
phrazle hints,2,3,1.5000,6.5
colordle solver x,2,4,2.0000,4
maxi nerdle solver,2,2,1.0000,2
phoodle hint 5/17/26,2,2,1.0000,2
globle answer 20/5/26,2,1,0.5000,6
semantle may 19 2026 answer,2,1,0.5000,6
semantle may 18 2026 answer,2,1,0.5000,6
betweenle 5/19/26,2,1,0.5000,3
phoodle hint today may 15,2,1,0.5000,6
canuckle answer may 21 2026,2,0,0.0000,2
clues spotle 15/05,2,0,0.0000,7
narutodle de hoje,2,0,0.0000,9
respostas narutodle,2,0,0.0000,7
narutodle respostas,2,0,0.0000,10
colordle day 1512,2,0,0.0000,3
wordle answer may 21 2026 x,2,0,0.0000,9
wordle solver 5 letter words,2,0,0.0000,9
canuckle answer may 18 2026,2,0,0.0000,8
spotle music 5 9,2,0,0.0000,10
wordle answer may 18 2026,2,0,0.0000,10
canuckle answer may 18 2026 full,2,0,0.0000,6
canuckle answer may 20 2026,2,0,0.0000,8
worldle country answer today,2,0,0.0000,12
canuckle hints may 15 2026,2,0,0.0000,4
may 19 2026 canuckle hints,2,0,0.0000,5
spotle cheat,2,2,1.0000,3
phrazle for may 26 2026,2,2,1.0000,1
wordle discord answer 27,2,1,0.5000,1
answer wordle discord 26 may,2,1,0.5000,1
contexto answers for today may 25,2,1,0.5000,4
semantle word today wrapped puzzle,2,1,0.5000,1
what is the answer to today's globle 25 may 2026,2,1,0.5000,1
5-21 spotle,2,0,0.0000,8
onepiecedle 23/05 respostas,2,0,0.0000,10
one piecedle solver,2,5,2.5000,1
spotle answer today june 2nd,2,3,1.5000,2
semantle #999 closest answers,2,3,1.5000,1
pokedle answers today 5/30,2,2,1.0000,3
what is the onepiecedle classic answer for today,2,2,1.0000,4
canuckle answer may 29,2,1,0.5000,5
what is the color guessing the percentage,2,1,0.5000,1
wordle answer wednedayjune 3 2026,2,1,0.5000,1
semantle june 3 2026 answer,2,1,0.5000,3
canuckle word solver,2,2,1.0000,2
10 letter words wordle answer,2,2,1.0000,5
11 letter wordle solver,2,2,1.0000,4
lights out puzzle solver easy,2,2,1.0000,2
phoodle hints for june 6  2026,2,2,1.0000,6
spotle music june 6th 2026 answer,2,2,1.0000,7
kanoodle game 103 solve,2,1,0.5000,3
semantle june 6 2026 answer,2,1,0.5000,2
canuckle jun 10 puzzle,2,1,0.5000,6
what is the answer for colordle today,2,1,0.5000,1
3 letter wordle with clues,2,1,0.5000,1
canuckle answer june 9 2026,2,1,0.5000,8
wordle 13/6/26,2,2,1.0000,1
wordle history of solutions,2,2,1.0000,4
wordle 18/06/26 answer,2,2,1.0000,1
waffle answers 1604,2,2,1.0000,1
semantle june 17 2026 answer,2,1,0.5000,2
minesweeper online solver,2,1,0.5000,5
today waffle june 18 2026,2,1,0.5000,3
nerdle answer today 17 june,2,1,0.5000,4
phoodle todays hint june 17,2,1,0.5000,2
semantle june 18 2026 answer,2,1,0.5000,2
canuckle hint june 14 2026,2,1,0.5000,5
discord 1825 answer,2,1,0.5000,1
wordle word 19/06/26,2,3,1.5000,1
colordle awenser,2,3,1.5000,3
wordle of the day june 24 2026,2,2,1.0000,1
worlde 1827,2,2,1.0000,2
wordle 24 june 26,2,2,1.0000,1
lights out game lösung,2,2,1.0000,9
semantle june 22 2026 answer,2,1,0.5000,2
wordle andwer june 21 2026,2,1,0.5000,4
colordle day 1550,2,1,0.5000,2
semantle solution,2,1,0.5000,6
wordle word 20 june 2026,2,1,0.5000,2
contexto 23/06/2026,2,1,0.5000,6
lights out rätsel löser 6x6,2,1,0.5000,20
semantle june 24 2026 answer,2,1,0.5000,2
worldle answer june 20,2,1,0.5000,4
wordle today 26,2,1,0.5000,2
betweenle 1196,2,1,0.5000,2
wordle 01/07/26,2,4,2.0000,2
wordle 29/6/26,2,2,1.0000,1
wordle solution today 30 th june 2026 genyoutube,2,2,1.0000,1
wordle answer 28/6,2,2,1.0000,1
today's discord wordle answer,2,2,1.0000,1
wordle 27/06/26 answer,2,1,0.5000,6
semantle june 30 2026 answer,2,1,0.5000,2
29/06/2026wordle answer,2,1,0.5000,2
semantle july 3 2026 answer,2,1,0.5000,2
+woodleanswer,2,4,2.0000,2
today's redactle answer 8th july,2,3,1.5000,3
todays wordle 8/7/26,2,2,1.0000,1
今日wordle答案2026七月9日,2,1,0.5000,7
semantle july 9 2026 answer,2,1,0.5000,2
globle country today,2,1,0.5000,6
six letter wordle solver,2,3,1.5000,5
canuckle july 13 2026,2,2,1.0000,7
daily wordle answer today,2,1,0.5000,2
semantle july 14 2026 answer,2,1,0.5000,2
resposta do wordle de 11\07\2026,2,1,0.5000,1
today's canuckle answer canada,2,1,0.5000,7
wordle of the day 23 june 2026,2,1,0.5000,2
wordle answer today july 27 2026,2,1,0.5000,1
wordle today aug 5,2,1,0.5000,1
wordle today answqer,2,1,0.5000,2
canuckle answer aug 10 2026,2,1,0.5000,5
colordle color hint,1,1,1.0000,1
colordle answer 1403,1,1,1.0000,1
colordle day 1402 answer,1,1,1.0000,1
+colordle tracker,1,1,1.0000,2
colordle answers 1/28,1,1,1.0000,1
1402 colordle answer,1,1,1.0000,2
colordle day 1403,1,1,1.0000,3
colordle answer day 1405,1,1,1.0000,1
day 1403 colordle today,1,0,0.0000,1
colordle 30k,1,0,0.0000,5
colordle color day 1404,1,0,0.0000,4
easy colordle,1,0,0.0000,6
colordle answer for today 1400,1,0,0.0000,2
reponse colordle,1,1,1.0000,1
todays color is colordle,1,1,1.0000,1
colordle day 1410 answer,1,1,1.0000,1
colordle cheater,1,1,1.0000,1
answer of colordle,1,1,1.0000,1
colordle reddit,1,1,1.0000,3
what is colordle of the day,1,0,0.0000,5
colordle color,1,0,0.0000,6
colordle of the day is,1,0,0.0000,5
colordle solution,1,0,0.0000,1
colordle answer today 1/31,1,0,0.0000,3
colordle 1408\,1,0,0.0000,2
colordle day 1395,1,0,0.0000,2
colordle day 1408,1,0,0.0000,2
all colours in colordle,1,0,0.0000,5
what is the answer to todays colordle,1,1,1.0000,1
colordle day 1418 reddit,1,1,1.0000,2
colordle day 1416 answer,1,0,0.0000,3
day 1416 colordle word,1,0,0.0000,2
colordle redit,1,0,0.0000,2
what is the color of the day colordle,1,0,0.0000,5
today's loldle answers nh,1,0,0.0000,3
1421 colordle,1,1,1.0000,2
colordle andwer,1,1,1.0000,3
solution semantle today february 17th,1,1,1.0000,2
narutodle resposta 19/02,1,1,1.0000,7
colordle hacker,1,1,1.0000,1
colorhexa answer today,1,1,1.0000,1
colourdle answer feb 17,1,1,1.0000,2
responstas narutodle de hoje 18 de fevereiro,1,0,0.0000,6
solution pokedle,1,0,0.0000,8
resposta onepiecedle de hoje 18 fevereiro 2026,1,0,0.0000,6
colordle answer 18/2,1,0,0.0000,2
onepiecedle soluce,1,0,0.0000,2
nieskonczony colordle,1,0,0.0000,3
pokedl solution today,1,0,0.0000,2
onepiecdle answers today,1,0,0.0000,2
resposta pokedle de hoje,1,0,0.0000,3
onepiecedle answer 14 february,1,0,0.0000,5
one piecedle losungen,1,0,0.0000,3
onepiecedle answres feb 19,1,0,0.0000,8
smashdle 14/02/2026,1,0,0.0000,5
semantle help 1484,1,1,1.0000,2
answer ti todays semantle feb 21,1,1,1.0000,2
phoodle hints 21/02/26,1,1,1.0000,1
colordle brick 93.,1,1,1.0000,1
phoodle 2/21/26,1,1,1.0000,2
weaver 3 4 letters,1,0,0.0000,8
globle 24th of february answer,1,0,0.0000,3
globle.org solutions,1,0,0.0000,2
onepiecedle solution 23 februar,1,0,0.0000,4
solution dotadle,1,0,0.0000,4
seamantle answer feb 24 2026,1,0,0.0000,1
onepiecedle laugh answer,1,0,0.0000,4
cemantle word of the day answer of the day,1,0,0.0000,2
smashdle resposta,1,0,0.0000,3
pone piece idle today answeres,1,0,0.0000,6
pokedle naruto,1,0,0.0000,6
cemantle word of the day answer,1,0,0.0000,4
smashdle responsse,1,0,0.0000,4
onepiecedle resposta de hoje,1,0,0.0000,6
onepiecedle solution 20 februar,1,0,0.0000,5
semantle word today answer,1,0,0.0000,3
semantle word game,1,0,0.0000,6
semantle 1491 answer,1,1,1.0000,1
guess the daily colour by percentage,1,1,1.0000,3
one piecedle aswers,1,1,1.0000,4
colordle guess the color answers,1,1,1.0000,2
answer to todays semantle 1495,1,1,1.0000,2
glbple answer today,1,0,0.0000,2
narutodle answer today,1,0,0.0000,10
onepiecedle resposta,1,0,0.0000,9
phoodle march 3 2026,1,0,0.0000,4
ckue semantle today,1,0,0.0000,2
dotadle today,1,0,0.0000,8
colordle 4. march,1,0,0.0000,4
onepiecedle respostas 27 02,1,0,0.0000,7
what is the globle country for today,1,0,0.0000,5
waffle answer today all solutions,1,0,0.0000,2
colordle answer 1437,1,0,0.0000,4
clue semantle today,1,0,0.0000,2
day 1429 semantle answer,1,0,0.0000,8
waffle answers 28th february 2026,1,0,0.0000,3
resposta onepiecedle,1,0,0.0000,5
phoodle march 2 2026,1,0,0.0000,5
onepiecedle respostas,1,0,0.0000,6
semantle answer game 1483,1,0,0.0000,1
seamantle answer 28 feb 2026,1,0,0.0000,6
wordle solution 5 feb 2026,1,0,0.0000,1
phoodle word with d o u g,1,1,1.0000,2
feb 7 wordle answer 2026,1,1,1.0000,1
colordle answer dates,1,1,1.0000,1
today's globle answer 8th march 2026,1,1,1.0000,2
réponse  smashdle 12 march,1,0,0.0000,7
psrseword from yesterday,1,0,0.0000,7
onepiecedle respostas de hoje,1,0,0.0000,5
answer to globle 8 march 2026,1,0,0.0000,10
onepiecedle today 7 march,1,0,0.0000,2
number waffle solve rate,1,0,0.0000,2
phoodle march 8 2026,1,0,0.0000,6
one piecedle solution today,1,0,0.0000,3
daily semantle answer,1,0,0.0000,2
ryantanen.com#N#https://colordle.ryantanen.com,1,0,0.0000,5
phoodle march 11 2026,1,0,0.0000,7
wordle 9 january 2026,1,0,0.0000,9
phoodle march 7 2026,1,0,0.0000,4
what is today's onepiecedle character for laugh,1,0,0.0000,2
what ist he globle fpr today,1,0,0.0000,4
globle answer 9th march 2026,1,0,0.0000,8
resposta do onepiecedle de hoe,1,0,0.0000,9
39.129.25.66:8060,1,0,0.0000,7
globle answer 11 march 2026,1,0,0.0000,8
indice smashdle,1,0,0.0000,7
10 word wordle solver,1,0,0.0000,6
shat does wordle start with. feb 18. 2026,1,0,0.0000,3
phrazle 13 march,1,0,0.0000,6
reponse narutodle,1,0,0.0000,7
waffle answers 1 puzzle,1,0,0.0000,5
narutodle lösung heute,1,0,0.0000,8
what is the shade of color for colordle today but not the name of the actual color,1,1,1.0000,1
colors closest to heavenly white for colordle,1,1,1.0000,1
onepiecedle respostas 19 de março,1,1,1.0000,1
every colour on colordle,1,1,1.0000,1
colourdle anwer today 17 march 26,1,1,1.0000,1
phrazle gg march 15 2026 answer,1,1,1.0000,2
what is the searchle serch today,1,1,1.0000,6
wordle march 29 2026,1,0,0.0000,8
globle answer 16 march 2026,1,0,0.0000,6
feb 5 2026 wordle answer,1,0,0.0000,8
phoodle march 19 2026,1,0,0.0000,7
spotle musicker reraten,1,0,0.0000,4
wordle hepler 12 letter words,1,0,0.0000,8
globle answer 20 march 2026,1,0,0.0000,9
phoodle march 15 2026,1,0,0.0000,8
answer to today's globle 14/3/2026,1,0,0.0000,2
globleanswers.com 2026 14,1,0,0.0000,4
wordle 20 march 2026,1,0,0.0000,8
nerdle 1520 answer,1,0,0.0000,6
narutodle solution 19/03,1,0,0.0000,7
quordle solver,1,0,0.0000,4
semantle hint 3/20/26,1,3,3.0000,1
wordle answer search archive,1,3,3.0000,1
colordle answer calculator,1,2,2.0000,1
what is the answer to colordle today,1,1,1.0000,1
colordle reddit pista,1,1,1.0000,4
globle clues 22nd march 2026,1,1,1.0000,1
weavever x ladder solver,1,1,1.0000,1
globle answer 2026 march 23,1,1,1.0000,3
weavever ladde solver,1,1,1.0000,1
spotle assistant,1,1,1.0000,3
lewdle answer today,1,1,1.0000,3
betweenle march 23 2026,1,1,1.0000,7
colordle answer day 1461,1,1,1.0000,4
+worldle today,1,1,1.0000,5
globle answer for today,1,1,1.0000,10
spotle answer 22 match,1,1,1.0000,2
globle answer march 22  2026,1,1,1.0000,2
colourdle ansver 24/3,1,1,1.0000,1
colordle 25 march answer,1,0,0.0000,5
globle answer 29th march 3026,1,0,0.0000,4
globle answer 25/3/26,1,0,0.0000,5
what is the globle answer for march 26,1,0,0.0000,10
wordle puzzle answer for "l" in hexagon grid,1,0,0.0000,3
1523 waffle,1,0,0.0000,5
onepiecedle réponse today,1,0,0.0000,7
phrazle word 22march 2026,1,0,0.0000,9
wordle nytimes jan.29th 2026,1,0,0.0000,7
narutodle answers 22/3,1,0,0.0000,4
answers for globle guess the country on march 22nd 2026,1,0,0.0000,9
waffle answers 1523,1,0,0.0000,4
wordle hint march 29 2026 printable,1,0,0.0000,6
phrazle answer 25 march 2026,1,0,0.0000,5
réponse onepiecedle 26 march 2026,1,0,0.0000,7
advanced wordle solver,1,0,0.0000,6
25 march 2026 globle answer,1,0,0.0000,9
semantle 1451,1,0,0.0000,2
waffle 23 march 26 answers,1,0,0.0000,3
i solved waffle in 999999999999999999999999999999999999999999999999999999 moves,1,1,1.0000,2
why does my waffle puzzle not start with a new set of letters?,1,0,0.0000,3
parsewords yesterday puzzle,1,0,0.0000,6
what is 29/3/2026 globle contry anser,1,0,0.0000,8
wordle 2.4. 2026,1,0,0.0000,5
what is the answer to the globle question for march 30  2026?,1,0,0.0000,5
five letter food words phoodle,1,0,0.0000,6
globle answers 31/3/2026,1,0,0.0000,7
march 29 2026 globle answer,1,0,0.0000,8
globle march 31 2026 answers,1,0,0.0000,6
semantle answers 01/04/2026,1,0,0.0000,2
9 letter wordle solver free,1,0,0.0000,9
globle answer march 27 2026,1,0,0.0000,8
globle answer 30th of march 2026,1,0,0.0000,6
globle answer march 29th,1,0,0.0000,7
phoodle balls,1,0,0.0000,8
globle archiuve,1,0,0.0000,8
worddle puzzle challenge 4 level 6,1,0,0.0000,10
globle 29th march 2026,1,0,0.0000,5
nine letter wordle,1,0,0.0000,10
is it possible to solve waffle in 8 moves,1,0,0.0000,6
answer for globle games 28 of march 2026,1,0,0.0000,9
globle answer for 3/21/26,1,0,0.0000,9
wordle solution 1/24/2026,1,0,0.0000,7
31 march 2026 globle answer,1,0,0.0000,8
globle 31march 2026,1,0,0.0000,4
wordle guesset 12 lettera,1,0,0.0000,5
colordle list,1,0,0.0000,4
wordle answer 19th jan 2026,1,0,0.0000,5
01/04/2026 globle answer,1,0,0.0000,7
globle answer 27 of march 2026,1,0,0.0000,6
globle answer march 28th 2026,1,0,0.0000,10
how to.solve waffle in 5 every time,1,0,0.0000,7
globle answer today 27 march 2026 answer,1,0,0.0000,9
globle answer march 20 2026,1,0,0.0000,7
globle answer for 28 march,1,0,0.0000,3
five letter food words phoodle begins with a ends with e,1,0,0.0000,5
globle answer 3/27/26,1,0,0.0000,5
4 letter wordle with timer,1,0,0.0000,9
jan 22 2026 wordle answer,1,0,0.0000,9
globle arhive,1,0,0.0000,7
wordle hints jan 19 2026,1,0,0.0000,9
wordle hint jan.19 2026,1,0,0.0000,10
wordle on febuary 8th 2026,1,0,0.0000,9
pokedle answer today answer,1,0,0.0000,5
wordle answer febuary 10 2026,1,0,0.0000,9
semantle 1464,1,0,0.0000,8
globle answer for 9/4/26,1,0,0.0000,5
wordle answer january 12 2026,1,0,0.0000,5
waffle solver deluxe,1,0,0.0000,7
globle answer for 5th of april 2026,1,0,0.0000,5
wordle answer for feb 5 2026,1,0,0.0000,3
wordle answer feb 4 2026,1,0,0.0000,6
what is the wordle today jan 11 2026,1,0,0.0000,10
december 19 2025 wordle companion,1,0,0.0000,10
waffle 1644 hints,1,0,0.0000,10
pokedle league answers,1,0,0.0000,5
multidle,1,0,0.0000,2
wordle january 19 answer,1,0,0.0000,6
quordle clues for sunday 25 january 2026,1,0,0.0000,9
all of yesterday's winning daily numbers game nerdle today,1,0,0.0000,7
wordle answer dec 3 2025,1,0,0.0000,7
semantle game 1430,1,0,0.0000,9
jan 19 2026 wordle answ21,1,0,0.0000,4
is stank a wordle word,1,0,0.0000,9
yesterdays phoodle question,1,0,0.0000,4
what was the wordle october 18 2025,1,0,0.0000,10
wordle answer jan 15 2026,1,0,0.0000,8
when was stank a wordle solution?,1,0,0.0000,4
wordle january 2 2026,1,0,0.0000,9
pokelde answer,1,0,0.0000,6
wordle hints january 21 2026,1,0,0.0000,10
semantle word today jan 19,1,0,0.0000,9
wordle word january 22nd 2026,1,0,0.0000,8
pokedle all answers,1,0,0.0000,8
worldle 5 letter word solver,1,1,1.0000,1
worldle 30 april 2026 what country,1,1,1.0000,1
betweenle 1141,1,1,1.0000,1
five lstter wirds ti start wordle game solver,1,1,1.0000,2
phoodle hints 4-30-26,1,1,1.0000,5
canuckle answer apr 30 2026,1,0,0.0000,6
5 letter word r u l a e,1,0,0.0000,9
5 letter wordle solver online,1,0,0.0000,1
wordle help dec 3 2025,1,0,0.0000,7
jan 17 2026 wordle answer,1,0,0.0000,10
5 letter word wordle r_ra_,1,0,0.0000,4
february 2026 20 wordle,1,0,0.0000,9
wordle analyuzer,1,0,0.0000,5
five letter word generator for wordle,1,0,0.0000,6
wordle answer today 2025,1,0,0.0000,4
february 2026 11 wordle,1,0,0.0000,6
how many 5 letter words does wordle draw from,1,0,0.0000,2
colordle answer online,1,1,1.0000,1
was riser wordle word,1,1,1.0000,10
onepiecedle answer may 2,1,1,1.0000,2
betweenle 1st may,1,1,1.0000,2
globle answer today may 5 2026 mahabhar,1,1,1.0000,2
kanoodle pro,1,1,1.0000,10
waffle daily word game archive,1,1,1.0000,4
weaver solcer,1,1,1.0000,3
spotle hint may 4 2026,1,1,1.0000,4
wordless 5 letter word 02 05.2026,1,1,1.0000,3
semantle word may 1st answer,1,1,1.0000,6
onepiecedle answer may 2 2026,1,1,1.0000,2
phrazle solutions today,1,1,1.0000,3
canuckle plus week.of may 4 2026,1,1,1.0000,2
what is the answer for globe 5/7/2026,1,1,1.0000,2
what is the wordle answer today the 11/05/26,1,2,2.0000,1
archived spotle,1,2,2.0000,1
betweenle 5/14/26,1,2,2.0000,3
one piece die today answer for character,1,1,1.0000,1
colordle awnser today,1,1,1.0000,1
maxi nerdle today may 12th,1,1,1.0000,4
phoodle hint 5/12/2026,1,1,1.0000,3
globle capitals answer may 14 2026 mahabhar,1,1,1.0000,3
answer the naruto chaaracter,1,1,1.0000,2
colordle hints today may 10,1,1,1.0000,4
hardle answer list,1,1,1.0000,1
what is today contexto may 14 answer,1,1,1.0000,8
spotle answer music,1,1,1.0000,8
quordle answer for 5/12/26,1,1,1.0000,1
word weaver help,1,1,1.0000,2
spotle today may 11 2026,1,1,1.0000,4
betweenel.answer,1,2,2.0000,3
kanoodle online game,1,2,2.0000,4
phrazle for may 15 2026,1,2,2.0000,3
phoodle hint 5/19/2026,1,1,1.0000,4
spotle answers past,1,1,1.0000,1
auto minesweeper solver,1,1,1.0000,5
whats globle today 20 may 2026,1,1,1.0000,1
the hangman solver,1,1,1.0000,4
6 letter wordle word solver,1,1,1.0000,2
semantle may 17 2026 answer,1,1,1.0000,4
cemantle word of the day answer 16/05/2026,1,1,1.0000,5
fibble hint,1,1,1.0000,2
semantle may 22 2026 answer,1,1,1.0000,1
canuckle today answer,1,1,1.0000,5
impossible starting combos in kanoodle,1,3,3.0000,7
canuckle solution may 23  2026,1,2,2.0000,1
phrazle answer may 28,1,2,2.0000,2
5/23/26 semantle,1,2,2.0000,1
canuckle clue may 24 2026,1,2,2.0000,2
betweenle 1165,1,1,1.0000,1
what is today's wordle answer may 26 australia,1,1,1.0000,1
semantle may 24 2026 answer,1,1,1.0000,3
canuckle hints 24 may 2026,1,1,1.0000,3
canuckle may 27 2026,1,1,1.0000,5
semantle may 25 2026 answer,1,1,1.0000,2
wordle today 26 05 2026,1,1,1.0000,1
semantle may 28 2026 answer,1,1,1.0000,2
phrazle for may 27 2026,1,1,1.0000,2
canuckle answer may 23 2026,1,1,1.0000,1
wordle discord today 28,1,1,1.0000,1
semantle may 23 2026 answer,1,1,1.0000,1
who is todays onepiecedle,1,2,2.0000,4
bwtweenle answer june 4 2026,1,2,2.0000,3
uk wordle answer 31/05/2026,1,1,1.0000,2
what is the answere to the 06/01/26 contexto,1,1,1.0000,1
worgle archive,1,1,1.0000,3
canuckle answer may 31-2026,1,1,1.0000,3
betweenle game answer may 31 2026 answers,1,1,1.0000,1
hint for phoodle may 30,1,1,1.0000,1
artist guesser soundmap,1,1,1.0000,4
betweenle word of the day 31 may,1,1,1.0000,1
31 may globle andwer 2026,1,1,1.0000,3
contexto 29 05 2026,1,1,1.0000,6
betweenle solver 1172,1,1,1.0000,2
lösung des heutigen betweenle,1,1,1.0000,1
countryle answer,1,1,1.0000,4
quad nerdle answers today,1,1,1.0000,5
semantle june 2 2026 answer,1,1,1.0000,2
discord wordle june 4,1,1,1.0000,1
semantle june 1 2026 answer,1,1,1.0000,2
wordle ans 31 may 2026,1,1,1.0000,4
betweenle solution,1,1,1.0000,1
canuckle answer june 4. 2026,1,1,1.0000,1
spotleanswers,1,3,3.0000,4
betweenle.com answer today,1,2,2.0000,1
todays narutodle answer 6/6/2026,1,2,2.0000,1
resposta onepiecedle de hoje 6 de junho,1,2,2.0000,2
what is the person from one piece in the onepiecedle,1,2,2.0000,1
wordle answer 9/6/26,1,2,2.0000,2
contexto word hints 06/06/26,1,2,2.0000,4
what is the cemantle word of june 8  2026,1,1,1.0000,1
is wordle answer today break,1,1,1.0000,1
spotle answer june 8,1,1,1.0000,3
semantle june 10 2026 answer,1,1,1.0000,2
betweenle helper 5 juni,1,1,1.0000,1
semantle june 12 2026 answer,1,1,1.0000,3
contexto 05/06/2026,1,1,1.0000,1
thirdle.org answer,1,1,1.0000,2
semantle june 9 2026 answer,1,1,1.0000,2
wordlewordtoday9june2026,1,1,1.0000,4
whats todays wordle answer june 102026,1,1,1.0000,1
globle answer of the day 8 june 2026,1,1,1.0000,4
semantle june 11 2026 answer,1,1,1.0000,2
wordle answer today 8 june mashable today,1,1,1.0000,4
spotle answer today 8 june 2026,1,1,1.0000,2
phrazle today's answer june 9,1,1,1.0000,2
what is the cemantle answer of the june 8th 2026?,1,1,1.0000,1
todays 12/6/26 five letter wordel,1,1,1.0000,1
word analyzer wordle free,1,1,1.0000,6
smashdle de hoy solucion 6 junio,1,1,1.0000,1
semantle june 8 2026 answer,1,1,1.0000,2
heutiges narutodle june 10th 2026,1,1,1.0000,2
wordle today 12 june,1,1,1.0000,4
canuckle answers 29 november 25,1,1,1.0000,7
wordle answer 6/13/26 the gamer,1,2,2.0000,1
todays narutodle answers 13 06 2026,1,2,2.0000,4
a hint for june 17 canuckle game,1,2,2.0000,10
discord wordle answer june 13th,1,2,2.0000,1
phrazle for june 14 2026,1,2,2.0000,1
semantic answer june 15,1,1,1.0000,1
palavra do wordle de hoje 13/06/2026,1,1,1.0000,3
semantle june 16 2026 answer,1,1,1.0000,2
thirdle 1531,1,1,1.0000,2
wordle discord 18 06,1,1,1.0000,1
searchle how to learn how to,1,1,1.0000,1
wordle todayordle 13.06,1,1,1.0000,1
wordle palabra 19 junio 2026,1,1,1.0000,2
spotle answer 12 june 2026,1,1,1.0000,4
phoodle word today,1,1,1.0000,8
wordle.answer 13 june 2026,1,1,1.0000,4
what is the answer to today's wordle 06/19/2026,1,3,3.0000,1
20 june answer wordke,1,2,2.0000,5
what is todays wordle on discord june 29,1,3,3.0000,2
wordle answer. 1,1,1,1.0000,4
worlde scoop,1,1,1.0000,7
kanoodle 187,1,1,1.0000,3
wordle discord answer today june 28,1,1,1.0000,1
wordle2026.6.30,1,1,1.0000,2
today's wordle 1/07/26,1,1,1.0000,1
wrodle word 28 june 2026,1,1,1.0000,1
today's wordle answer 27,1,1,1.0000,1
contexto 07/03,1,4,4.0000,4
what is today's wordle answer for june 7 2026,1,2,2.0000,1
wordle jy 9,1,2,2.0000,2
spotle movie answer,1,2,2.0000,4
hangman word finder,1,1,1.0000,7
wordle discord answer with "n",1,1,1.0000,2
wordle today solution july 7th,1,1,1.0000,1
worsle july7,1,1,1.0000,2
wordle 7/7 26,1,1,1.0000,1
resposta contexto dia 08/07,1,1,1.0000,8
wordle soluce 5 juillet 2026,1,1,1.0000,1
wordle 5.7.2026 discord,1,1,1.0000,3
13 july wordle answer,1,2,2.0000,3
wordle for 11/07/2026,1,1,1.0000,1
wordle7月11日答案,1,1,1.0000,1
huly 13th wordle answer,1,1,1.0000,1
wordle 15.07.2026 english,1,1,1.0000,1
wordle palabra 18 julio 2026,1,1,1.0000,2
minesweeper solver 12x12,1,1,1.0000,4
resposta do wordle do dia 20/07/26,1,1,1.0000,1
wordle answer andhintsfor july17,1,1,1.0000,7
toays wordle answer,1,1,1.0000,4
resposta do contexto de hoje 26 de jul,1,1,1.0000,4
wordle answer 07/29/2026,1,1,1.0000,1
kanoodle respuestapuzzles,1,1,1.0000,1
wordle answer and hints for july27,1,1,1.0000,9
wordle today 20260725,1,1,1.0000,2
worlde today 27,1,1,1.0000,2
wordle 3/06/2026,1,1,1.0000,3
resposta do contexto de hoje 31 de julho de 2026,1,1,1.0000,1
today's wordle august 4 2026 answe,1,1,1.0000,1
todays quordle answer,1,1,1.0000,2
what’s today’s world answer,1,1,1.0000,1
all wordle answer list,1,1,1.0000,1
whats the wordle word today discord,1,1,1.0000,3