"Keyword","Impressions","Clicks","CTR","Avg. Position"
"wordle answer today","2922","68","2.33%","6.25120954825462"
"todays wordle","2054","21","1.02%","7.700599999999999"
"today's wordle answer","1918","190","9.91%","2.428592700729927"
"today's wordle","1884","39","2.07%","5.1788601380042465"
"wordle today","1525","9","0.59%","7.361291737704918"
"todays wordle answer","895","16","1.79%","5.137447597765362"
"wordle today answer","666","15","2.25%","6.7147372372372365"
"wordle answer","482","6","1.24%","8.761398962655603"
"what is today's wordle answer","451","14","3.1%","4.7871405764966735"
"what is today's wordle","442","10","2.2600000000000002%","5.739817647058823"
"today wordle answer","338","38","11.24%","3.366848816568048"
"wordle solver 5 letters","302","1","0.33%","7.24170298013245"
"minesweeper solver","279","17","6.09%","4.168463440860215"
"wordle answer today 2026","262","56","21.37%","2.4694614503816794"
"today wordle","200","2","1%","6.044984499999999"
"wordle 8/12/26","166","1","0.6%","6.86141686746988"
"wordle 8/11/26","155","0","0%","5.954817419354839"
"wordle 8/8/26","140","2","1.43%","5.6786"
"contexto answer","140","3","2.14%","5.957147142857143"
"globle answer today","138","2","1.45%","7.2029115942029"
"nerdle today","133","0","0%","8.639118045112783"
"wordle august 10 2026","125","1","0.8%","6.52"
"wordle 1879 answer","121","0","0%","4.1901"
"wordle answer august 12 2026","114","4","3.5100000000000002%","4.526354385964913"
"wordle hints august 8 2026","112","0","0%","5.7857"
"what's the wordle today","112","0","0%","6.6875124999999995"
"daily wordle answer","109","2","1.83%","6.642187155963303"
"what is the wordle today","106","2","1.8900000000000001%","8.886816981132077"
"contexto answer today","105","1","0.9500000000000001%","8.199983809523808"
"twixtle","104","0","0%","8.365402884615385"
"wordle clue for today's word","101","0","0%","7.019808910891088"
"spotle answer today","95","1","1.05%","7.5473684210526315"
"what is todays wordle answer","76","0","0%","8.368438157894735"
"today's wordle answer.","72","32","44.44%","1.486101388888889"
"wordle august 12 2026","71","1","1.41%","7.92961690140845"
"5 letter wordle solver","68","0","0%","7.588241176470587"
"todays worlde","68","2","2.94%","6.191148529411765"
"wordle 1879","63","2","3.17%","6.492120634920635"
"todays worlde answer","60","0","0%","6.4666733333333335"
"wordle 8/9/26","59","0","0%","4.8813"
"wordle 8/13/26","58","1","1.72%","5.069"
"wordle answer for today","55","1","1.82%","7.618172727272728"
"wordle","55","0","0%","8.8364"
"wordle puzzle august 12 2026","55","2","3.64%","3.5455"
"wordle 8/10/26","54","0","0%","3.7593"
"phrazle answer today","54","1","1.85%","4.814814814814815"
"wordle analyzer","52","1","1.92%","4.230776923076923"
"colordle answer","50","3","6%","4.799988"
"wordle word today","47","0","0%","7.638297872340425"
"clues for today's wordle","46","0","0%","8.282617391304347"
"what is todays wordle","46","0","0%","8.76088260869565"
"wordle answer august 10 2026","45","0","0%","5.777737777777777"
"9 letter wordle wordly","44","0","0%","8.818170454545454"
"wordle 1882","43","2","4.65%","4.2326"
"wordle august 8 2026","42","0","0%","6.214299999999999"
"wordle hint 8/8/26","41","3","7.32%","3.8292000000000006"
"wordle of the day answer","41","0","0%","7.609739024390244"
"wordle answer august 8 2026","39","0","0%","5.6666"
"todays wordle word","39","2","5.13%","7.435882051282051"
"wonderword today's puzzle","39","0","0%","9.025646153846154"
"colordle hints","38","0","0%","5.65788947368421"
"wordle hint 8/12/26","36","0","0%","6.75"
"colordle hint","36","1","2.7800000000000002%","5.055558333333333"
"wordle 14 august 2026","36","2","5.5600000000000005%","3.6944"
"wordle for today","35","0","0%","8.457137142857144"
"wordle hints august 11 2026","35","0","0%","8.628551428571429"
"wordle 1880 answer","34","0","0%","5.941158823529413"
"wordle august 11 answer","34","0","0%","8.8529"
"wordle today august 10 2026","33","0","0%","5.515133333333334"
"wordle solve 19-4-26","32","0","0%","6.90625"
"wordle aug 8 2026","32","2","6.25%","6.875"
"spotle movies","32","0","0%","9.2813"
"wordle answer august 9 2026","32","0","0%","6.5625"
"wordle answers today","32","1","3.12%","6.500025"
"waffle game archive","32","0","0%","6.656215625"
"wordle august 11 2026","31","0","0%","7.129048387096775"
"wordle today august 9 2025","30","0","0%","3.8"
"wordle 14 august","30","3","10%","5.2"
"wordle clues for today's word","30","0","0%","7.199966666666667"
"wordle 12 august 2026","30","0","0%","5.833349999999999"
"wordle hint 8/11/26","30","0","0%","5.6333"
"lights out solver","29","2","6.9%","3.827606896551724"
"wordle 1879 hints and answer","28","0","0%","5.1429"
"answer to wordle today","28","0","0%","8.107139285714286"
"wordle hints august 12 2026","28","0","0%","8.5357"
"wordle today august 11 2026","28","1","3.5700000000000003%","3.5357"
"wordle today august 12 2026","27","1","3.7%","3.2963"
"betweenle solver","27","0","0%","6.148166666666667"
"contexto today","27","0","0%","8.148166666666667"
"wordle answer august 14","26","0","0%","5.5385"
"wordle 12 august","26","1","3.85%","6.769230769230769"
"privy wordle","25","0","0%","5.84"
"wordle 1880","25","0","0%","6.36"
"wordle word today answer","25","0","0%","6.3600080000000005"
"wordle answer august 14 2026","25","1","4%","5.72"
"searchle","25","0","0%","8.199992"
"wordle 8/14/26","24","1","4.17%","4.5833"
"today's wordle word","23","3","13.040000000000001%","3.8695739130434785"
"wordle hints 8/8/26","23","1","4.3500000000000005%","4.3044"
"what is the wordle for today","23","0","0%","6.260869565217392"
"wordle august 11 2026 hints","22","0","0%","7.9544999999999995"
"what's today's wordle answer","22","0","0%","5.045450000000001"
"wordle answer 8/11/26","22","1","4.55%","3.3636"
"wordle answer august 11 2026","22","0","0%","7.681799999999999"
"wordle 8/12/2026","21","0","0%","6.6667"
"wordle 1881 answer","21","1","4.76%","4.9047"
"wordle today august 8 2026","21","0","0%","2.5238"
"august 12 2026 wordle answer","20","0","0%","3.5"
"wordle 11 august 2026","20","0","0%","5.95"
"wordle august 14 2026","20","1","5%","6.4"
"discord wordle answer","20","5","25%","3.0499549999999997"
"wordle answer 8/8/26","20","6","30%","1.75"
"wordle solution august 12 2026","19","2","10.53%","3.8946999999999994"
"wordle aug 11 2026","19","0","0%","8.0526"
"wordle hints 8/11/26","19","0","0%","7.2631"
"wordle today august 11 2025","18","0","0%","6.9445"
"wordle 8/11","18","0","0%","8.5"
"wordle today august 9 2026","17","0","0%","6.7647"
"spotle movie","17","0","0%","9.353"
"wordle 1881","17","0","0%","6.5294"
"8/12/26 wordle","17","3","17.650000000000002%","5.1176"
"wordle august 13 2026","17","0","0%","8.2353"
"wordle hints for today's word","17","0","0%","9.7059"
"wordle answer august 13 2026","17","0","0%","8"
"wordle 8/11/2026","16","0","0%","6.5"
"wordle answer 14 august 2026","16","1","6.25%","3.375"
"wordle today august 11","16","0","0%","6.0625"
"wordle for today answer","16","0","0%","7.8125"
"wordle august 11 2026 answer","15","0","0%","3.2"
"wordle august 8 2026 hints","15","0","0%","6.3334"
"number waffle today","15","0","0%","7.86668"
"what is the wordle of the day","15","0","0%","8.0667"
"8/11/26 wordle","15","0","0%","5.1333"
"wordle hint 8/10/26","15","0","0%","7.1333"
"wordle hints 8/9/26","14","0","0%","7"
"wordle 8-12-26","14","0","0%","6.0714"
"phoodle","14","0","0%","8.7857"
"wordle answer 8/12/26","14","0","0%","5.3571"
"wordle history","14","0","0%","8.8572"
"wordle august 9 2026","14","0","0%","8.5714"
"wordle answer today august 12","14","1","7.140000000000001%","3.5"
"wordle puzzle august 8 2026","14","0","0%","4.5714"
"wordle august 14 2026 answer","14","2","14.290000000000001%","3.1428"
"wordle hint 8/9/26","14","0","0%","5.5"
"wordle today august 14","14","0","0%","3.8571"
"wordle aug 8","14","0","0%","6.2857"
"wordle august 8 2026 answer","14","0","0%","3"
"wordle 1878","13","0","0%","7.8462"
"wordle 8-9-26","13","0","0%","4.0769"
"wordle answer 8/13/26","13","0","0%","3.6923"
"wordle of the day","13","0","0%","5.9231"
"wordle 8/10","13","0","0%","4.9231"
"contexto","13","0","0%","9.6154"
"hangman solver","13","0","0%","7.2308"
"wordle hints 8/12/26","13","0","0%","6.7692"
"wordle hint 8/13/26","13","0","0%","7.8462"
"what is the word for wordle today","12","0","0%","8.1667"
"betweenle answer today","12","5","41.67%","3.6667"
"wordle answer 12 august 2026","12","0","0%","2.8333999999999997"
"what is wordle today","12","0","0%","9.1667"
"today's globle answer","12","0","0%","5"
"8/13/26 wordle","12","0","0%","4.5"
"what is today's wordle word","12","0","0%","7.0834"
"wordle 8/8/2026","12","0","0%","4.25"
"wordle 8 august","12","0","0%","3.5833"
"wordle answer august 8 2025","12","0","0%","6.9166"
"is privy a wordle word","12","0","0%","1.8334"
"wordle clue today","12","0","0%","8.1666"
"wordle answer 12 august","12","1","8.33%","4.5"
"wordle clue august 12 2026","11","0","0%","4.1818"
"wordle answer 8/10/26","11","0","0%","2.7273"
"wordle 10 august 2026","11","1","9.09%","5"
"what wordle today","11","0","0%","5"
"wordle august 14","11","0","0%","6.818200000000001"
"wordle answer august 8","11","1","9.09%","5.1818"
"wordle word for today","11","0","0%","8.8182"
"wordle 8-8-26","11","0","0%","4.3637"
"wordle answer today ny times","11","0","0%","7"
"8/8/26 wordle","11","2","18.18%","5.0909"
"wordle 14th august 2026","11","0","0%","4.4545"
"waffle word game archive","11","0","0%","7.2727"
"worlde answer","11","0","0%","8.8182"
"wordle aug 12 2026","11","0","0%","7.909099999999999"
"wordle answer august 12","11","0","0%","6"
"wordle hint aug 8 2026","11","0","0%","5.818200000000001"
"wordle answer today 5 letters","11","0","0%","5.909099999999999"
"wordle 1877","11","0","0%","7"
"what is the wordle word today","11","0","0%","8.7273"
"word for wordle 10/8/2026","11","0","0%","1"
"wordle 13 august 2026","10","0","0%","4.1"
"wordle hints august 14 2026","10","0","0%","6.4"
"wordle august 12 2026 answer","7","1","14.290000000000001%","1.8571000000000002"
"wordle 1878 clues","7","0","0%","7.4286"
"wordle 9 august 2026","6","0","0%","5"
"wordle 14 august 2026 wordle 14 august 2026","4","0","0%","2"
"wordle today's answer","4","0","0%","1"
"quordle sequence today","3","0","0%","7.666666666666667"
"wordle solution october 19","2","0","0%","4"
"wordle 12/27 game","2","0","0%","3"
"今日wordle答案","2","2","100%","3.5"
"onepiecedle answers today","2","0","0%","6.5"
"canuckle answer aug 10 2026","2","1","50%","5"
"wordle today answqer","2","1","50%","2"
"today's wordle word answer today","2","0","0%","1"
"lsd42792@toaik.com","1","0","0%","1"
"what’s today’s world answer","1","1","100%","1"
"venting class today  e contexo","1","0","0%","4"
"wordle 13 aigust 2026","1","0","0%","4"
"serious auto accident injury attorney","1","0","0%","10"
"discord wordle of the day","1","0","0%","2"
"wordle hints and answer","1","0","0%","4"
"whats the wordle word today discord","1","1","100%","3"
"wordle answer todag","1","0","0%","2"
"today's wordle hints and answer","1","0","0%","2"
"todays quordle answer","1","1","100%","2"
"ny wordle solution august 8 2026","1","0","0%","1"
"2026－08－06﹥＜／qwklthghdo2026－08－06","1","0","0%","9"
"ny wordle solution august 13 2026","1","0","0%","1"
"2026-08-06yhlzguskbk2026-08-06","1","0","0%","9"
"geode nyt wordle","1","0","0%","2"
"wordle 08 agosto 2026","1","0","0%","7"
"all wordle answer list","1","1","100%","1"
"wordle 11 agosto 2026","1","0","0%","5"
"snipe nyt wordle","1","0","0%","2"
"new york times wordle today's","1","0","0%","8"
"ny wordle solution august 12 2026","1","0","0%","1"
"worlds clue today","1","0","0%","2"
"“clash” wordle nyt today","1","0","0%","3"
